id,score
1,8.315235286106434
2,8.637499937711794
3,8.0
4,8.224498190531778
5,3.0
6,8.0
7,7.504128010100193
8,3.3777198232394587
9,2.3685095946807544
10,2.6060625577115673
11,8.0
12,1.2404221640903106
13,7.55527341979303
14,9.0
15,8.0
16,7.434565400656899
17,9.446437701946737
18,7.0
19,4.0
20,4.26435278907864
21,8.0
22,1.730611111082686
23,6.0
24,8.520161328803066
25,5.0
26,8.694474528902305
27,3.0
28,8.489388329472716
29,6.438727455383606
30,9.398161188909713
31,7.237358122928759
32,8.483340356282431
33,8.636728312533046
34,3.247208747854419
35,8.581779716687311
36,8.473174539127445
37,4.723530547472519
38,3.0
39,7.729097151236523
40,6.0
41,7.444701326401978
42,8.0
43,7.571565573333434
44,8.0
45,9.43257756996058
46,4.271149924149162
47,6.661465402776862
48,7.0
49,3.5386795607461994
50,4.0
51,9.0
52,1.2791603862319343
53,8.31742431294426
54,8.399377802085372
55,3.0
56,8.694527372733289
57,9.0
58,8.437937392028843
59,1.0
60,7.430759658036438
61,6.0
62,3.0
63,3.605761474556242
64,1.0
65,7.319412199300627
66,2.0
67,6.624078421016101
68,7.0
69,2.0
70,1.0
71,8.0
72,1.0
73,9.0
74,2.0
75,2.4876387947700973
76,9.0
77,7.569755571330207
78,8.75663134185158
79,8.0
80,1.6671259856976413
81,8.0
82,9.0
83,6.572752957567569
84,10.0
85,7.730897934392739
86,8.0
87,7.0
88,7.639187028860187
89,3.0
90,7.0
91,7.0
92,8.77944061617981
93,2.0
94,7.546718486159421
95,3.7013326022479114
96,7.410107037810253
97,6.0
98,9.0
99,1.3085871729182987
100,8.486072132212614
101,7.578865021779051
102,3.338965873196563
103,3.0
104,8.0
105,3.205539053903071
106,6.761991144725044
107,8.0
108,7.0
109,8.292758866692814
110,8.320669669119795
111,3.602132252230565
112,8.0
113,3.778975145197271
114,7.458416285467688
115,2.0
116,7.0
117,9.460461848683451
118,10.0
119,8.365240699413071
120,3.239327095846757
121,8.414511416231663
122,2.4907396147096335
123,3.0
124,8.531041781424904
125,7.0
126,6.789679271628356
127,6.0
128,6.742222098576218
129,8.26867645704972
130,5.67441957491582
131,8.475827424420544
132,5.0
133,8.494865553658004
134,8.78344037231276
135,9.0
136,3.684025587073905
137,9.0
138,7.58260430701478
139,7.0
140,7.0
141,4.477447967669392
142,7.7393797204409145
143,8.0
144,5.6182510518662605
145,2.512879782955927
146,7.710156314038414
147,8.0
148,8.707890996968128
149,8.31024744677143
150,5.407951514654126
151,8.529775648940703
152,9.0
153,2.0
154,8.73051255920939
155,1.5872086422937468
156,8.53458144056094
157,4.230135684812805
158,7.799780671542834
159,9.221147209917241
160,5.0
161,7.254167843760545
162,3.6457315066374134
163,4.799057294386757
164,7.740965929229132
165,7.611446395655338
166,9.0
167,1.0
168,7.360333876335943
169,8.0
170,3.0
171,8.0
172,9.0
173,8.454146123029599
174,8.773627009577739
175,8.501214196026648
176,3.0
177,5.0
178,8.0
179,1.0
180,9.0
181,6.529023193842561
182,8.331371783303371
183,9.455948753914972
184,8.701143118391029
185,3.0
186,7.515723600142645
187,8.0
188,4.637309412533705
189,7.0
190,5.642216199609363
191,8.623158986264382
192,2.2555805823339394
193,3.0
194,6.0
195,7.0
196,6.0
197,8.0
198,8.0
199,7.214823701370358
200,5.2182107324111255
201,4.397382100509332
202,9.0
203,3.338418269666813
204,7.0
205,3.5159434408386447
206,7.0
207,1.517837850178118
208,3.0
209,7.4614985868071
210,8.554855489564599
211,1.7997158318838657
212,6.419404876604061
213,3.0
214,6.0
215,4.6765308176396845
216,8.548035201934011
217,4.656962235353228
218,6.0
219,7.596015663880651
220,2.5312325001848057
221,4.0
222,5.0
223,2.3404150946615925
224,1.5690730200758176
225,7.0
226,7.671826955159747
227,3.0
228,9.0
229,8.403635365702591
230,6.0
231,8.0
232,8.30187556247639
233,3.0
234,3.749570621223615
235,5.613414446012389
236,8.317567983090312
237,3.3201747619496693
238,8.409710934657756
239,3.3209996473492054
240,8.668001916786697
241,2.0
242,9.357038337186799
243,6.0
244,8.492564636124653
245,1.0
246,3.0
247,8.58942437840063
248,8.224718587073449
249,9.0
250,1.0
251,7.0
252,6.403166310508938
253,9.0
254,8.0
255,2.6917797140638675
256,9.0
257,7.404487912358135
258,2.4761662121781005
259,3.0
260,6.211135118073905
261,6.753702830747262
262,5.635458534438912
263,5.49474315512616
264,9.0
265,6.646223097307218
266,4.7610606738561465
267,8.38108907594185
268,6.570243293343499
269,8.790372657618242
270,8.437995561110771
271,4.416447318581817
272,2.2279370402263012
273,2.7086735616108073
274,3.0
275,8.0
276,2.2619213615875453
277,9.53646496147137
278,3.560332746183363
279,7.0
280,7.214881698229814
281,9.0
282,7.342960563649042
283,7.784915719368892
284,8.335058994460827
285,7.2373781079113195
286,6.720162455788231
287,9.0
288,5.215760635853445
289,8.258760514260127
290,3.4003920273961614
291,7.0
292,5.0
293,6.0
294,8.596419649837532
295,9.0
296,7.0
297,9.0
298,8.0
299,8.0
300,3.620787465972399
301,6.534498716073568
302,7.454809105381751
303,3.3341691526540727
304,7.660390807158931
305,8.715232730169268
306,9.0
307,4.515104744546888
308,1.0
309,8.389871702532039
310,8.0
311,1.0
312,2.593692006582262
313,9.600606659492534
314,2.5767389066646644
315,3.0
316,5.0
317,2.715692861512031
318,6.583640372311161
319,7.720819094580459
320,1.4137038644357018
321,2.3777667409071377
322,9.0
323,2.768457798734064
324,3.0
325,5.690673658262441
326,7.543255237529691
327,8.368961183336063
328,8.768147781066778
329,8.664452613056781
330,8.70303919339309
331,1.7838147539549352
332,7.592555827091865
333,1.5996169509973908
334,8.518160838031086
335,8.0
336,2.0
337,2.0
338,4.236270615707405
339,8.237326028570457
340,1.0
341,7.4576066239037795
342,6.462181774758272
343,1.0
344,10.0
345,1.0
346,5.214317040863892
347,7.6047482256313765
348,6.0
349,2.0
350,7.45996674678141
351,1.0
352,2.0
353,1.0
354,7.0
355,8.0
356,3.3221798199636123
357,4.4220362345748505
358,8.0
359,6.478819725047926
360,9.0
361,2.315799276268048
362,7.24820917599075
363,3.0
364,2.336547256336171
365,1.5112891088812088
366,8.0
367,9.0
368,9.0
369,6.571516541306733
370,9.0
371,8.26778058217844
372,3.0
373,10.0
374,8.0
375,2.3333822398700295
376,7.0
377,5.0
378,7.759621211496164
379,8.0
380,7.233886434143127
381,6.363152861939193
382,9.0
383,3.0
384,8.554860568273384
385,6.0
386,8.519411963539541
387,10.0
388,8.0
389,1.0
390,8.0
391,3.0
392,3.0
393,8.0
394,7.500262336480265
395,3.2630035645042312
396,7.551572410872359
397,9.0
398,7.716441215743054
399,9.0
400,8.0
401,7.796680281100972
402,7.354760033631228
403,7.313823471674849
404,7.0
405,7.0
406,5.0
407,8.334113103757952
408,2.7905870749956834
409,3.4186170312741737
410,8.0
411,2.4443028837439242
412,5.490466274838943
413,1.0
414,7.71268894483162
415,1.0
416,9.0
417,9.605857147525583
418,3.3355430583860146
419,9.422327130199639
420,10.0
421,4.497579037170902
422,2.0
423,7.564572270716974
424,7.543810765495955
425,8.0
426,8.53900569065573
427,1.768028291299626
428,2.444105338211874
429,1.0
430,5.272603902442761
431,6.779377417436462
432,7.47058248538191
433,8.291038327518619
434,7.692352155403777
435,8.393867766888901
436,1.3371012134167672
437,6.451318220050345
438,9.408471230729536
439,8.646502811251384
440,8.55821915918024
441,9.0
442,3.771886835132404
443,9.314319378999912
444,2.769824881396385
445,8.237042429488325
446,7.0
447,8.239250586459702
448,7.619407908519917
449,8.460745778599563
450,3.7900232548728545
451,9.0
452,1.4232120694375872
453,10.0
454,6.528028294566823
455,1.3117474240892057
456,8.0
457,8.543529038853416
458,1.0
459,8.396979340781717
460,6.566374478685847
461,9.0
462,3.0
463,3.6814025455891928
464,7.2794937582863986
465,1.6619847310305624
466,7.0
467,7.327071030297703
468,7.283258753870442
469,7.223439479787676
470,6.689354509485457
471,9.494490852865509
472,9.473926855006814
473,5.0
474,7.0
475,3.0
476,3.0
477,1.0
478,3.0
479,3.0
480,1.753006503720341
481,7.342287783774149
482,1.3298196636086697
483,4.474509833765738
484,8.0
485,2.7719642955165282
486,7.0
487,8.669356722182055
488,8.54564002829308
489,8.392818487673823
490,7.64264376178927
491,7.0
492,9.463136845688629
493,1.447130293941066
494,2.5172479112450494
495,1.5607783350022895
496,6.436610268934956
497,7.0
498,1.6054633323130438
499,8.523918517256156
500,1.4031932031425398
501,2.5636156669477237
502,9.255638343773132
503,3.70852388907933
504,6.297654950767444
505,8.0
506,9.212483664048044
507,9.0
508,6.0
509,10.0
510,8.387901957547921
511,8.359733913202296
512,6.579819161915911
513,8.752516389763718
514,4.0
515,9.766644585149884
516,6.68697231593088
517,7.0
518,8.544777021680432
519,7.7672775727401575
520,9.277415514182811
521,6.0
522,6.489717955313968
523,8.698098041446052
524,7.755935758646337
525,6.581636320266875
526,8.290332453678111
527,1.0
528,9.0
529,3.469753344947565
530,3.54113022563694
531,3.0
532,6.28660263121541
533,7.0
534,1.0
535,7.0
536,6.584149569703112
537,1.0
538,1.7439533855199378
539,7.695470179010518
540,4.0
541,2.3988414990179168
542,7.0
543,2.0
544,2.3354147421908773
545,8.0
546,4.238932695827905
547,6.776415051641114
548,5.512240516522434
549,6.0
550,2.0
551,8.661621160287385
552,9.586033936854458
553,7.0
554,6.638056816009935
555,1.6229703201309547
556,2.0
557,8.699992741900315
558,4.0
559,8.0
560,9.0
561,2.5272620999863054
562,5.223707109047842
563,8.521597120902648
564,6.387646233795831
565,6.566475400945672
566,8.45681972787994
567,7.707417863628441
568,6.776179259842997
569,7.4640186952229355
570,8.433114980621681
571,6.50449117832923
572,3.489561989745582
573,2.334358587630214
574,9.383716938637482
575,1.7854357665492202
576,4.323394681535984
577,5.213785700447906
578,8.603979157662529
579,3.377835872977754
580,1.64977556475174
581,7.0
582,9.379581787114981
583,7.0
584,1.600830841458495
585,8.0
586,8.266567200404966
587,7.2500464199400705
588,8.696100394808516
589,8.0
590,3.0
591,8.712621129207255
592,8.0
593,9.360503972431193
594,6.398980684019156
595,6.382022095801973
596,9.44914131078025
597,8.477029805825415
598,2.225614993818453
599,9.0
600,9.0
601,9.0
602,3.0
603,2.698389214204785
604,1.366332152905519
605,2.0
606,3.0
607,8.360730601617114
608,8.473608467621915
609,1.0
610,8.0
611,8.572305176096659
612,2.7150559688934828
613,8.0
614,7.339003262164795
615,1.680488227575804
616,2.4087052908462243
617,3.7084542142714163
618,2.5910923268509514
619,7.0
620,1.668397416784391
621,1.7080481937377898
622,3.0
623,8.657881054340807
624,7.2306978244475735
625,7.752595555330142
626,7.400928488334354
627,3.6899915468422035
628,2.0
629,9.0
630,7.698448111796932
631,1.0
632,7.0
633,3.0
634,8.0
635,6.752239726601138
636,9.592359459256555
637,7.7509752560805545
638,9.0
639,2.7419139728873274
640,6.697516416085398
641,7.393811516324866
642,4.391313948724858
643,8.56332340343066
644,4.252413086114412
645,8.0
646,2.0
647,2.0
648,8.242618522163832
649,7.337162929461423
650,8.0
651,8.395082249744267
652,3.5447001497684996
653,1.500920215212917
654,9.0
655,8.666452061366442
656,9.0
657,5.391579018267528
658,9.0
659,8.496648604765964
660,4.5554337877638496
661,7.0
662,8.277868361187366
663,2.5532627332088373
664,2.0
665,8.317594311678933
666,4.651672504342216
667,3.0
668,8.0
669,2.0
670,8.0
671,7.416660330119591
672,5.0
673,1.0
674,10.0
675,7.6830750700095924
676,4.0
677,6.334108328606981
678,7.75286744033425
679,6.418042319454031
680,6.534482623861791
681,6.0
682,2.0
683,7.0
684,7.0
685,8.455509607623082
686,6.704766273322337
687,7.756983927972351
688,1.0
689,1.0
690,9.0
691,6.784182071483002
692,7.509836423217659
693,4.0
694,9.0
695,9.0
696,2.3610368493420038
697,8.665752947274845
698,7.248874622122679
699,9.0
700,7.0
701,8.530666554702258
702,6.0
703,1.0
704,8.0
705,2.687225727267548
706,7.31802863975031
707,9.0
708,9.0
709,2.2889608621719453
710,7.0
711,1.0
712,8.62386847552176
713,8.708943043073964
714,9.531459448312237
715,4.0
716,7.20730216378497
717,1.7223077769969077
718,2.0
719,7.0
720,9.422527453347756
721,10.0
722,8.0
723,2.0
724,7.2890568083224645
725,2.0
726,6.303451242969202
727,7.0
728,8.3662356602505
729,2.499068147903255
730,5.0
731,4.0
732,8.48290979395241
733,8.525067506736175
734,6.0
735,8.256399851025442
736,3.784806293156992
737,3.217451954382739
738,7.390603284557054
739,9.0
740,5.0
741,2.4028111403326973
742,2.0
743,7.482071673551825
744,8.0
745,6.473650639930789
746,8.769140275555548
747,10.0
748,8.435568693374517
749,4.0
750,8.55336818101667
751,3.0
752,8.546248831479069
753,8.514937676850705
754,6.747965067181517
755,9.0
756,7.795413588091216
757,3.2692011488781714
758,1.780696219662032
759,9.0
760,3.3944760306947033
761,7.0
762,7.0
763,1.0
764,4.692260216467443
765,7.4836456236522
766,8.0
767,7.289467991716162
768,7.0
769,8.0
770,2.0
771,8.0
772,2.0
773,7.217035305233098
774,8.0
775,3.0
776,4.0
777,8.0
778,7.551448018625388
779,7.689486763256443
780,7.0
781,8.678583952892847
782,8.0
783,9.30562373325866
784,7.0
785,4.713624103909034
786,9.0
787,2.737879961627608
788,8.0
789,1.3547646154874589
790,5.591907751674609
791,7.348273119011477
792,5.0
793,9.0
794,9.0
795,6.78457743552017
796,3.2142427381804546
797,7.0
798,6.736571029267747
799,2.2189332010028098
800,9.0
801,9.0
802,8.33296363895021
803,4.0
804,8.430106472123795
805,5.0
806,3.743834703121031
807,3.4462922403437344
808,8.0
809,7.643748053830295
810,7.346697598504824
811,6.765701427408604
812,7.459322850269439
813,2.439076148762849
814,3.675599131530955
815,8.0
816,7.0
817,1.5495349014108641
818,6.67781435695478
819,9.0
820,4.316074854861815
821,2.0
822,7.453057968677611
823,3.0
824,6.52039219799167
825,3.0
826,2.0
827,7.642786210704197
828,7.625568359418427
829,6.462220626642161
830,6.0
831,4.468359910485975
832,4.708204265878873
833,8.361102745042047
834,8.282881189069105
835,4.0
836,8.727183819357993
837,9.0
838,3.708388459911832
839,3.0
840,8.0
841,5.0
842,8.289907368011454
843,8.0
844,3.0
845,2.790565051359939
846,1.3786346903201785
847,3.7831471080266335
848,4.795705432083356
849,6.780618136787208
850,7.289924218075115
851,6.62850774179896
852,1.666175764928671
853,7.0
854,8.476330707727582
855,1.6158020465620315
856,8.397986184154824
857,2.248366571290865
858,9.0
859,7.0
860,7.251527387582836
861,2.0
862,2.493397501286104
863,3.0
864,2.2762034269108553
865,8.441893460901703
866,1.6586098277585053
867,3.0
868,2.771535314686839
869,3.0
870,2.3272885136070025
871,3.747764538095436
872,7.0
873,3.5965433863922764
874,7.347782151981045
875,3.0
876,7.0
877,1.0
878,8.335333369681601
879,1.5458796053392652
880,9.0
881,1.4078614471469315
882,8.0
883,4.774250405805557
884,4.5120003485879
885,3.576734037126345
886,8.409848523162612
887,8.0
888,1.5671917578966896
889,3.0
890,4.0
891,8.0
892,7.0
893,2.0
894,1.0
895,8.25564736919449
896,2.2745008989867594
897,7.262875938923975
898,8.0
899,6.0
900,2.6985751121104613
901,5.0
902,9.556039901030774
903,3.0
904,2.43457596838712
905,2.0
906,7.7732419516125235
907,5.686608186470215
908,8.353852097782806
909,3.0
910,3.2487852890084756
911,8.667756064471584
912,6.0
913,8.0
914,8.0
915,8.0
916,6.0
917,4.454129011322645
918,7.539873444162662
919,5.532682689837249
920,3.5314911668237805
921,6.58873225984095
922,8.573249015006194
923,7.252772268742401
924,2.6463700631804525
925,9.560089060535296
926,4.0
927,7.0
928,1.7241319894040683
929,8.408358928987173
930,8.0
931,8.758127286611888
932,6.0
933,5.2439864729192935
934,7.514525625503915
935,4.557090028195788
936,8.24419222847071
937,6.0
938,8.33746208659684
939,6.56447108768887
940,1.4658490992351774
941,4.210222298146052
942,3.5082161160850496
943,8.564686373309867
944,7.756462519861357
945,4.0
946,8.0
947,1.0
948,7.0
949,1.6768791786335009
950,7.6129817939515725
951,8.0
952,9.0
953,2.3463862542245724
954,2.60185146464494
955,4.0
956,5.48559216934201
957,1.0
958,9.0
959,4.541479203398752
960,8.373539771026135
961,1.0
962,9.0
963,6.623364899276105
964,2.7176154881090278
965,7.64557417011026
966,1.5370442145133199
967,4.652654707543362
968,8.0
969,9.0
970,3.0
971,8.0
972,8.495564856751821
973,7.697749218159463
974,5.0
975,8.287336619707025
976,9.0
977,7.2263591575162325
978,5.0
979,8.763156678342423
980,7.7602853171474075
981,7.67725730605398
982,7.771332433374795
983,8.429620579676497
984,5.604786336801988
985,2.0
986,7.557870198582634
987,1.7903052509230488
988,1.0
989,3.0
990,7.224857235191605
991,2.4756642346781628
992,7.0
993,2.0
994,8.0
995,8.551155383533425
996,3.0
997,4.0
998,6.0
999,6.511917622634872
1000,7.507857094105725
1001,2.2947296198315845
1002,5.0
1003,8.584926436498801
1004,9.387056575441195
1005,4.640061646311341
1006,1.0
1007,7.0
1008,7.395550719551397
1009,7.685106549528148
1010,8.53488262890189
1011,8.287644755203049
1012,6.0
1013,4.0
1014,3.4961672712887384
1015,8.256281438341102
1016,4.353713886485793
1017,7.4019521826377135
1018,4.0
1019,9.0
1020,7.457490279974053
1021,6.0
1022,8.0
1023,9.0
1024,5.0
1025,6.220329518547406
1026,8.0
1027,9.0
1028,8.280062960495131
1029,8.0
1030,9.0
1031,7.0
1032,7.704702010259295
1033,7.751254190238656
1034,8.796129833186216
1035,8.711116470198936
1036,3.0
1037,2.0
1038,6.411350332253605
1039,9.0
1040,5.545233261018522
1041,7.793003673479164
1042,3.4522663537628016
1043,2.3328026358881
1044,2.0
1045,4.0
1046,8.0
1047,5.0
1048,1.3736012075689206
1049,8.462830406510642
1050,8.0
1051,2.0
1052,4.2548859776534105
1053,7.607440741389305
1054,3.411216030547746
1055,8.569054352631325
1056,9.0
1057,2.474697415540946
1058,10.0
1059,1.6230651672325527
1060,9.0
1061,8.35255110995449
1062,9.0
1063,4.303338798139738
1064,2.0
1065,8.529564432035869
1066,3.0
1067,6.0
1068,9.252189343670176
1069,7.260616204045663
1070,9.0
1071,6.0
1072,9.0
1073,4.0
1074,7.7565813076891335
1075,7.319853028201552
1076,6.0
1077,4.0
1078,7.0
1079,9.0
1080,8.0
1081,3.0
1082,6.0
1083,8.0
1084,7.284104675579714
1085,4.0
1086,3.513421338941227
1087,8.0
1088,3.0
1089,9.0
1090,7.2984785785539685
1091,8.627359987856117
1092,2.526928867566477
1093,8.0
1094,8.270961690377076
1095,2.4207893360522776
1096,9.74556948735716
1097,1.6530698307405018
1098,1.0
1099,8.552285367191969
1100,9.367353412618023
1101,8.708851131312775
1102,4.0
1103,3.0
1104,5.357287958680885
1105,8.758266479233907
1106,4.0
1107,8.436404555544785
1108,8.477553190814467
1109,8.712840711659029
1110,7.648252066601782
1111,2.7071528647608045
1112,4.0
1113,7.4240849592538005
1114,3.0
1115,7.425617755804328
1116,3.0
1117,8.0
1118,2.4525661906730503
1119,7.0
1120,9.0
1121,8.0
1122,3.418253318899729
1123,6.0
1124,7.0
1125,7.283968225102306
1126,5.528051765742899
1127,3.4995174264559434
1128,9.0
1129,7.0
1130,2.0
1131,7.48754553064673
1132,8.0
1133,1.2643413432695272
1134,9.0
1135,8.0
1136,8.0
1137,2.0
1138,4.0
1139,2.2459542414621074
1140,8.605851125237491
1141,1.0
1142,7.0
1143,7.3889706859116355
1144,2.4350674537325006
1145,2.554719861077003
1146,3.566883091364422
1147,7.624965433364738
1148,8.423821200519372
1149,1.0
1150,2.278239079796029
1151,4.268940515748712
1152,3.5924269534204707
1153,6.50947892955461
1154,4.0
1155,8.0
1156,2.0
1157,3.786179130627638
1158,3.787515622585064
1159,2.433870321358201
1160,3.507604204756504
1161,8.38868596633554
1162,4.0
1163,2.0
1164,6.269212915401725
1165,6.443434467901556
1166,7.0
1167,7.348348193222023
1168,9.593335565496513
1169,5.0
1170,1.0
1171,2.4831269712728057
1172,3.2161944666974374
1173,2.265187955620082
1174,8.0
1175,9.0
1176,3.0
1177,8.0
1178,8.648321062489151
1179,2.3109376629633056
1180,8.733645051305606
1181,4.729363442519248
1182,2.0
1183,6.702309121025685
1184,8.420665807539244
1185,8.0
1186,3.0
1187,9.47843658431317
1188,9.0
1189,4.0
1190,8.45498080678044
1191,8.51094370257136
1192,4.0
1193,1.0
1194,6.0
1195,7.0
1196,8.275299793308077
1197,2.4412239493934123
1198,6.0
1199,8.212933791340319
1200,1.5557162706557102
1201,1.3592526557322113
1202,3.3411964987681286
1203,2.0
1204,9.0
1205,9.218674149022295
1206,4.351505150688469
1207,2.699722288924237
1208,1.0
1209,6.560583629103283
1210,5.0
1211,2.273500239687788
1212,9.0
1213,8.0
1214,1.0
1215,4.0
1216,7.534305053314107
1217,4.628517986188175
1218,2.5666297759654917
1219,2.577743976943873
1220,9.0
1221,2.7355825659489565
1222,5.7603522919477435
1223,5.5403556100168
1224,1.3110292612679706
1225,7.0
1226,2.0
1227,9.0
1228,2.2188026115895005
1229,2.4394399447897515
1230,2.0
1231,8.48945466143334
1232,8.3447731272949
1233,8.0
1234,8.422951736792294
1235,2.6622060668880185
1236,2.0
1237,7.0
1238,8.0
1239,4.490273564433374
1240,8.616913289465808
1241,8.473455400654794
1242,7.0
1243,1.5791789559406113
1244,8.0
1245,8.0
1246,3.0
1247,7.250583036534707
1248,9.377047939664616
1249,9.435027585522668
1250,7.0
1251,7.293391872721045
1252,8.422571323604688
1253,7.0
1254,3.4480045466459743
1255,4.0
1256,8.0
1257,2.0
1258,7.337875987856111
1259,2.4468939218149375
1260,8.0
1261,4.402898133124103
1262,7.259520984689194
1263,5.0
1264,7.577063323434647
1265,8.343624288130568
1266,3.0
1267,4.0
1268,9.217077419912584
1269,8.248633726247629
1270,7.2507413786290735
1271,4.579297874060728
1272,9.0
1273,9.0
1274,9.0
1275,8.54326418179454
1276,7.611633858825127
1277,8.0
1278,6.359015443299673
1279,1.0
1280,2.0
1281,7.69209994573831
1282,7.364743046161618
1283,7.239604883821003
1284,9.0
1285,5.362554034344868
1286,8.483175851243374
1287,3.0
1288,8.427285581226474
1289,2.788520565577569
1290,8.39567568674957
1291,2.0
1292,5.799834071790445
1293,2.0
1294,1.0
1295,8.508204004705364
1296,3.340416960618918
1297,6.360979839569372
1298,9.0
1299,9.537546499448291
1300,8.0
1301,8.22986874402418
1302,5.218065311918361
1303,8.716593561924919
1304,3.0
1305,9.0
1306,2.0
1307,3.0
1308,5.783309018672156
1309,1.0
1310,4.0
1311,6.432948877762493
1312,2.0
1313,5.274984220912418
1314,8.0
1315,8.756457132308283
1316,3.0
1317,9.304567104853305
1318,9.0
1319,8.0
1320,2.6197227827900424
1321,3.0
1322,3.587238069077819
1323,9.0
1324,1.0
1325,2.6193210322776457
1326,8.48914513035483
1327,2.489594561220275
1328,6.0
1329,8.203229356692125
1330,8.0
1331,7.25018967161481
1332,1.0
1333,8.59327520229697
1334,4.465050092881122
1335,8.627345923394147
1336,8.508736215117068
1337,3.0
1338,3.0
1339,2.775688136594471
1340,2.541300255447558
1341,8.0
1342,8.614217857757087
1343,7.0
1344,2.0
1345,3.332713227615759
1346,2.427858530930386
1347,9.0
1348,2.0
1349,2.2054760267988063
1350,6.749919035095008
1351,7.625497504257176
1352,3.2763818492060657
1353,7.0
1354,10.0
1355,3.4028646222804277
1356,2.7338649766886562
1357,8.580937676868103
1358,5.0
1359,5.214731399169859
1360,2.5447157940244263
1361,4.0
1362,7.0
1363,8.0
1364,4.0
1365,10.0
1366,7.0
1367,8.0
1368,9.0
1369,9.0
1370,8.0
1371,8.461843642360702
1372,6.656717593124213
1373,8.0
1374,1.4224423779157345
1375,8.6681843538092
1376,7.0
1377,8.0
1378,2.648012555396844
1379,5.361641857152512
1380,7.0
1381,3.0
1382,8.0
1383,3.354702473803705
1384,1.585271857439451
1385,7.427618685761523
1386,3.2877296070713884
1387,7.3082040608693415
1388,4.0
1389,9.0
1390,2.0
1391,8.0
1392,7.667548348867461
1393,9.0
1394,6.792569711781199
1395,8.0
1396,8.242790932279172
1397,3.3323767189798654
1398,7.217712121268056
1399,2.5275550508526012
1400,6.269910805491943
1401,6.693639183297472
1402,8.792051484871067
1403,6.537829385767898
1404,8.0
1405,8.24936107040826
1406,8.0
1407,5.632084162535055
1408,7.490966618486009
1409,1.3600264434235252
1410,8.716426358829338
1411,4.3780655896664475
1412,5.0
1413,8.0
1414,6.419404218643063
1415,7.563472508695605
1416,9.0
1417,5.513206645594024
1418,8.581948928234246
1419,3.0
1420,5.289315551147957
1421,3.0
1422,9.0
1423,7.520809295480143
1424,5.4225515033978215
1425,9.0
1426,9.0
1427,9.513786674357048
1428,2.785643695026723
1429,7.0
1430,3.6230887558034506
1431,3.0
1432,7.387931075069898
1433,1.0
1434,7.0
1435,2.213979050271703
1436,2.259403965488858
1437,2.477615581621889
1438,9.0
1439,3.7415807985566247
1440,5.334948787874322
1441,4.0
1442,8.0
1443,8.635016325026458
1444,8.0
1445,2.0
1446,5.756410298927437
1447,4.0
1448,2.4557653431576965
1449,9.65560535409976
1450,2.575775492516905
1451,7.705768218774849
1452,4.477062230648889
1453,6.465340795367808
1454,9.0
1455,7.659525604553955
1456,4.0
1457,1.4733691550649428
1458,7.476606545066012
1459,7.565408076525941
1460,7.0
1461,7.0
1462,2.676053850210836
1463,6.2494629371301125
1464,8.287542741662575
1465,5.5464010486014095
1466,8.246169616604204
1467,2.6768336870569875
1468,3.3748562810743468
1469,3.528535626410717
1470,1.5133737832766945
1471,7.63037846561923
1472,1.0
1473,8.58229733316909
1474,1.0
1475,2.0
1476,7.0
1477,7.688457351607842
1478,8.0
1479,1.0
1480,10.0
1481,6.433040257090492
1482,8.0
1483,2.7160836876342613
1484,8.474797892458586
1485,8.56518844774765
1486,7.455647032526179
1487,3.0
1488,5.0
1489,5.0
1490,9.4916635524451
1491,7.0
1492,6.622043484175483
1493,8.0
1494,7.0
1495,9.0
1496,6.239192004359989
1497,2.6206569692821375
1498,7.368473073172884
1499,4.0
1500,8.366310278178952
1501,2.5202916934781787
1502,2.0
1503,7.0
1504,6.0
1505,8.0
1506,2.0
1507,6.793420919733177
1508,3.75836832460735
1509,3.757980065294647
1510,7.329359129775304
1511,6.230494685784026
1512,7.0
1513,2.0
1514,1.0
1515,6.0
1516,1.4410253916599152
1517,4.6735606155637885
1518,9.0
1519,1.0
1520,9.0
1521,9.0
1522,9.0
1523,6.764860777064638
1524,2.712722255447613
1525,8.0
1526,1.0
1527,8.20205156123044
1528,8.66300734329721
1529,9.499641696577578
1530,6.377106192275567
1531,8.25211033002328
1532,2.625918034190472
1533,2.427449294222797
1534,5.665968223986744
1535,1.4068404998611928
1536,10.0
1537,3.770830256878655
1538,8.69829077417367
1539,8.546607671863592
1540,8.0
1541,3.0
1542,8.571805839712914
1543,8.27608795424668
1544,4.430243907532965
1545,3.6324994927268888
1546,3.701833907317582
1547,5.598876850262718
1548,8.713536578610372
1549,7.419545790907828
1550,9.576168160583665
1551,1.612574203933626
1552,8.389200461506949
1553,6.638645212067078
1554,7.511663848179142
1555,8.0
1556,6.328741738195771
1557,7.726284420470305
1558,2.0
1559,4.7827433640299
1560,2.0
1561,1.4227955517810067
1562,7.73850631286214
1563,3.0
1564,9.0
1565,3.0
1566,2.4163974058570914
1567,2.255739945334449
1568,5.723270453323981
1569,7.659223528187484
1570,5.0
1571,8.0
1572,3.465074100654365
1573,2.0
1574,3.462602070644015
1575,6.207499137863221
1576,9.0
1577,7.672765820652013
1578,1.0
1579,1.4579832056661268
1580,9.0
1581,9.0
1582,8.0
1583,8.286518389196297
1584,4.0
1585,7.0
1586,7.4791724035407965
1587,7.0
1588,7.438692085228052
1589,8.32189224861437
1590,7.330517556455908
1591,7.318271756027394
1592,1.0
1593,6.621145162628901
1594,8.0
1595,6.65707267320139
1596,8.795277853455016
1597,4.519929470776659
1598,8.0
1599,7.248949349002735
1600,8.557384386613816
1601,6.320591530116096
1602,7.0
1603,8.0
1604,5.0
1605,8.791062803535622
1606,8.0
1607,2.463692341415783
1608,7.0
1609,7.793072596481728
1610,8.742276690913702
1611,9.0
1612,9.293205821270643
1613,6.0
1614,2.6923149650044946
1615,4.428086205050609
1616,7.234328247469918
1617,6.0
1618,8.0
1619,3.0
1620,1.5981835260184292
1621,6.0
1622,6.0
1623,3.7662208227010443
1624,2.0
1625,7.0
1626,7.0
1627,8.22701663428397
1628,2.4516853047338314
1629,6.3020338192586
1630,7.634571452762405
1631,9.0
1632,2.3311033276514315
1633,8.0
1634,6.231404789527934
1635,1.0
1636,1.4649590423607777
1637,4.608207317065308
1638,3.0
1639,3.5325455228987126
1640,6.547747071378529
1641,7.0
1642,8.413057418720587
1643,5.0
1644,9.0
1645,1.2033971896765658
1646,6.780475921373937
1647,2.540907054986375
1648,7.736801236546423
1649,8.352155562355334
1650,2.691722222907744
1651,2.5296950315366096
1652,6.631521526103302
1653,1.0
1654,8.268153463659901
1655,4.0
1656,8.633625981956227
1657,1.0
1658,7.0
1659,3.0
1660,4.0
1661,8.468190746250068
1662,4.0
1663,3.0
1664,8.716718000687576
1665,9.0
1666,8.416142463813076
1667,1.0
1668,2.53556831055005
1669,4.0
1670,8.0
1671,9.306834919564293
1672,8.60425528528445
1673,3.0
1674,2.6076381209918815
1675,6.313138124511533
1676,8.0
1677,9.218703855670151
1678,9.0
1679,8.0
1680,9.0
1681,9.554992993666623
1682,7.449642189441694
1683,8.759167249030627
1684,2.0
1685,7.282381876533625
1686,8.317614665324369
1687,4.757731491749097
1688,6.0
1689,4.0
1690,8.69829077417367
1691,8.0
1692,9.0
1693,2.3925957088022405
1694,7.787411238527565
1695,2.6631537519007753
1696,5.704505328977963
1697,3.3240043394953345
1698,8.695737011167672
1699,6.282137090535882
1700,8.7230812062697
1701,9.0
1702,4.0
1703,7.408481111129202
1704,7.0
1705,7.2493058533990435
1706,7.747157655898132
1707,8.672583761985454
1708,8.724587743006172
1709,8.0
1710,9.0
1711,6.0
1712,4.0
1713,6.0
1714,5.205163537542633
1715,6.769518959959786
1716,1.0
1717,2.3897939093765723
1718,8.0
1719,8.0
1720,6.540388709593089
1721,3.721166577923782
1722,8.46667242015057
1723,8.0
1724,8.0
1725,8.553230702481825
1726,6.608497500139839
1727,7.0
1728,4.0
1729,2.7199586412621173
1730,9.5297471220187
1731,9.0
1732,9.60339694989619
1733,3.5309682501426556
1734,8.0
1735,9.328980928287935
1736,9.0
1737,8.0
1738,2.0
1739,5.650192010737579
1740,9.0
1741,9.241439114172843
1742,1.0
1743,9.448637450705395
1744,3.251186791037737
1745,6.239578470045729
1746,8.0
1747,7.760324622513211
1748,7.6912348777907935
1749,3.7618706977716467
1750,8.542517666679945
1751,6.0
1752,2.419440915665017
1753,3.632261751189917
1754,2.6915181340022434
1755,8.443756762057989
1756,2.0
1757,3.6414100707986456
1758,5.454529226331358
1759,7.376631233995902
1760,3.0
1761,6.0
1762,7.567113151803402
1763,8.0
1764,2.355797028735268
1765,6.477352302157188
1766,7.0
1767,9.0
1768,3.0
1769,9.0
1770,1.0
1771,8.0
1772,9.0
1773,8.0
1774,9.0
1775,3.0
1776,5.0
1777,9.0
1778,8.380968964440125
1779,8.314538212202642
1780,4.0
1781,9.222798942793156
1782,8.381960021318816
1783,3.0
1784,7.378588575037307
1785,6.794637422281866
1786,8.0
1787,8.506327229529619
1788,7.528254243706697
1789,8.0
1790,1.0
1791,3.0
1792,7.521893191834178
1793,8.0
1794,9.0
1795,8.0
1796,9.0
1797,8.0
1798,7.0
1799,7.607356592421129
1800,2.2795516979085026
1801,6.336378945459555
1802,1.0
1803,6.564151432947219
1804,3.260879527557327
1805,7.0
1806,8.789333894846866
1807,8.5267233669401
1808,9.0
1809,8.0
1810,3.0
1811,7.0
1812,1.0
1813,9.333465823353574
1814,8.0
1815,6.0
1816,8.0
1817,1.0
1818,9.0
1819,8.0
1820,8.0
1821,9.0
1822,7.0
1823,1.0
1824,5.26327002841196
1825,9.672030096610511
1826,8.0
1827,2.0
1828,7.323577166367101
1829,3.0
1830,10.0
1831,8.725589573979748
1832,8.0
1833,1.0
1834,5.338269526980654
1835,7.0
1836,8.400900889991625
1837,4.0
1838,9.318804496006624
1839,7.0
1840,7.263678377432374
1841,9.480954168952096
1842,9.0
1843,9.22907184881811
1844,8.229641175389684
1845,2.0
1846,8.589267990165634
1847,6.215719991298846
1848,6.366686155684729
1849,4.293040564209495
1850,3.0
1851,8.559649097067798
1852,2.4619136729898607
1853,1.0
1854,8.57839788685958
1855,8.0
1856,7.213766799820898
1857,1.2640169383118711
1858,3.663435774217279
1859,3.208452710736817
1860,6.40171185756996
1861,3.2500936692576827
1862,3.3905066916729587
1863,2.699523291359729
1864,1.442949998767098
1865,8.0
1866,2.0
1867,7.455759681265633
1868,9.0
1869,8.67653580238034
1870,5.270831265863214
1871,8.0
1872,7.0
1873,2.440639695172719
1874,8.63154928233819
1875,2.0
1876,8.330486619911769
1877,8.38422743269724
1878,3.0
1879,8.0
1880,8.0
1881,8.0
1882,2.3646296542803853
1883,9.58294341081345
1884,2.3512238155896124
1885,9.0
1886,3.3337032087509018
1887,2.0
1888,7.250511323389118
1889,8.0
1890,1.0
1891,5.0
1892,6.779518974560318
1893,3.0
1894,3.0
1895,9.0
1896,6.294783470776853
1897,6.548602124709653
1898,8.788671069940854
1899,9.0
1900,8.0
1901,8.227990662533042
1902,9.0
1903,9.0
1904,8.544410004947595
1905,4.0
1906,1.7179762264595708
1907,7.0
1908,1.6166631436725152
1909,4.0
1910,2.787099980097498
1911,5.0
1912,3.0
1913,1.0
1914,5.704129309059465
1915,8.599798348463663
1916,1.0
1917,9.210246455458947
1918,3.0
1919,1.0
1920,8.0
1921,9.253630942222543
1922,8.626302379578958
1923,7.287638754549673
1924,3.0
1925,9.0
1926,5.600222894554106
1927,8.503365840714919
1928,3.0
1929,8.764920820589444
1930,2.4869529099387204
1931,2.0
1932,6.0
1933,8.274561294303599
1934,9.469754554973322
1935,3.0
1936,7.0
1937,6.579443998621448
1938,8.357264527433273
1939,7.0
1940,1.0
1941,8.214415357129763
1942,3.6916218274129635
1943,2.0
1944,8.320872450044616
1945,7.27666977455067
1946,7.34800772855709
1947,6.667050639106969
1948,5.579255922877128
1949,6.6437264307323955
1950,6.670947955801287
1951,5.403440575479364
1952,3.740528741635004
1953,4.0
1954,8.697697081244598
1955,2.6956323654972563
1956,7.311199028159046
1957,8.0
1958,6.0
1959,9.238855365187792
1960,2.0
1961,6.624169926417995
1962,8.0
1963,3.0
1964,9.527647418760774
1965,7.612103556291127
1966,7.440811117250452
1967,1.5388877113978456
1968,7.671667186052696
1969,7.504184785667311
1970,1.5824804925717995
1971,2.6122004793379254
1972,7.437969948688667
1973,9.212509567502075
1974,6.541422161598289
1975,7.0
1976,3.0
1977,8.481695030443733
1978,1.4691589457403709
1979,7.750457004343438
1980,5.0
1981,4.432087415709694
1982,1.7522252396694376
1983,2.0
1984,8.0
1985,7.560103069773332
1986,1.6627154602943859
1987,3.234629591395442
1988,6.715096942366282
1989,7.429416535659909
1990,7.260002539817509
1991,4.0
1992,8.29816921520322
1993,4.320938910642803
1994,1.0
1995,8.541681826134493
1996,1.6010028559337912
1997,3.0
1998,3.0
1999,2.3465505131385767
2000,7.629401322053806
2001,7.422076237835094
2002,7.480728962701107
2003,3.3253265338080773
2004,4.538299966526078
2005,8.0
2006,2.5912721364429294
2007,6.663918296994806
2008,8.257702826977882
2009,4.0
2010,3.0
2011,8.566675212467956
2012,5.0
2013,3.0
2014,1.680978369150296
2015,1.7337533420609172
2016,9.541862736535252
2017,8.0
2018,1.0
2019,1.6524317036854677
2020,3.597148359690501
2021,8.741543234106667
2022,3.7975236192620967
2023,7.0
2024,3.2023688808027093
2025,8.301058112153559
2026,7.551617225637905
2027,6.0
2028,6.0
2029,7.55774377210374
2030,3.3333027379538307
2031,8.485448615959033
2032,8.603828406428796
2033,8.416924920193434
2034,2.0
2035,7.3169077399563935
2036,2.0
2037,2.0
2038,8.0
2039,4.0
2040,2.0
2041,6.744628415009031
2042,8.0
2043,2.213641962840036
2044,9.361385901344766
2045,6.0
2046,6.0
2047,8.0
2048,7.0
2049,6.45877898296414
2050,9.0
2051,6.4509692751387275
2052,7.0
2053,2.4434853803861665
2054,3.4185752510105387
2055,9.216581787085238
2056,9.0
2057,7.0
2058,9.0
2059,7.0
2060,7.0
2061,3.0
2062,1.522098794658196
2063,2.429655636629554
2064,8.75409500898293
2065,2.0
2066,8.0
2067,4.0
2068,8.0
2069,9.0
2070,10.0
2071,8.609966032365552
2072,1.4186557154352895
2073,5.0
2074,8.0
2075,3.0
2076,9.0
2077,3.0
2078,2.288672029119986
2079,3.3853716636791162
2080,3.3291597912522435
2081,9.0
2082,8.565022868482474
2083,5.579099667920426
2084,2.688266205621603
2085,1.0
2086,8.794574435638465
2087,2.214775302846768
2088,3.3210978265923004
2089,6.4561698308882285
2090,8.0
2091,9.348083548787717
2092,8.763180485486169
2093,4.0
2094,3.0
2095,3.2853443914235094
2096,7.785991086219393
2097,3.407855211912331
2098,3.4081769896304754
2099,3.4804636555624864
2100,8.538378254985796
2101,1.5203881067937082
2102,9.269652229586711
2103,8.0
2104,1.0
2105,8.585718643299746
2106,8.0
2107,9.301811906697889
2108,8.219620035472127
2109,9.0
2110,6.0
2111,5.634931910973235
2112,6.0
2113,9.0
2114,8.751076777041185
2115,1.4524410784636996
2116,7.4065197545959505
2117,8.238437592377826
2118,3.0
2119,3.483414382446229
2120,2.2090655520302533
2121,2.0
2122,7.756983927972351
2123,8.0
2124,8.726932265577007
2125,9.0
2126,9.0
2127,8.0
2128,7.43909286762379
2129,6.500884757942138
2130,6.772454048486463
2131,7.362128905090833
2132,2.5963111687213227
2133,8.404338000494269
2134,4.653183469892219
2135,7.0
2136,8.0
2137,5.362307517077502
2138,6.371616179948294
2139,7.0
2140,1.0
2141,8.781565331393736
2142,7.554704761253535
2143,8.0
2144,1.7900955176250388
2145,5.698189662966513
2146,2.489494095954039
2147,10.0
2148,5.2029240376976
2149,1.4993261925601453
2150,7.433773519525278
2151,9.0
2152,7.417005880547789
2153,6.419345874573074
2154,8.548281234639088
2155,2.0
2156,9.731464048750246
2157,8.4860683350634
2158,6.0
2159,2.7484727434990295
2160,5.0
2161,7.796990667226505
2162,6.0
2163,3.2734112001113487
2164,8.0
2165,7.0
2166,3.0
2167,8.0
2168,7.505233848240401
2169,6.0
2170,1.0
2171,7.0
2172,8.0
2173,1.452721561788699
2174,9.488681241937558
2175,9.582276406481528
2176,1.6596478478320968
2177,9.0
2178,2.302834714741666
2179,8.0
2180,2.0
2181,7.370336062128081
2182,5.343795005267809
2183,7.684416865570822
2184,2.6660816361181925
2185,6.553287991216267
2186,2.0
2187,8.755950377855562
2188,7.268993729502659
2189,4.74689690622418
2190,1.0
2191,8.715651991156335
2192,6.74597663167955
2193,1.5881558200159953
2194,4.563457060852715
2195,7.334119015280021
2196,2.3379917000627155
2197,8.51352740556578
2198,7.0
2199,7.0
2200,8.0
2201,8.265417418665738
2202,7.217050921051601
2203,4.0
2204,8.351661351209092
2205,2.0
2206,1.0
2207,1.0
2208,8.0
2209,8.29856600682369
2210,9.0
2211,3.0
2212,7.457267565704768
2213,8.510312016782246
2214,5.408737942526207
2215,6.471300139720189
2216,6.784190872400384
2217,7.386719622970645
2218,6.365328994076029
2219,3.0
2220,4.732052893657968
2221,8.731851594546827
2222,8.0
2223,8.770240738759114
2224,8.0
2225,7.705069319043545
2226,8.0
2227,6.667874997455544
2228,1.0
2229,8.693170631641433
2230,1.7086856796470165
2231,6.372483368894423
2232,7.491104009934259
2233,4.0
2234,3.7392140091819352
2235,8.610890166221266
2236,2.0
2237,3.5950335363484442
2238,8.31008964396035
2239,6.0
2240,2.0
2241,8.0
2242,6.5283866719879615
2243,2.0
2244,7.0
2245,8.69231369257679
2246,8.531241014346557
2247,7.483762305246187
2248,4.758943967594577
2249,3.4396432667708656
2250,1.647872138425597
2251,2.77949220601801
2252,7.6462088738569065
2253,2.0
2254,7.447723945812642
2255,7.556201987532673
2256,3.42120099460491
2257,3.0
2258,1.6557515761923154
2259,3.0
2260,2.624542530580467
2261,3.747530525145084
2262,1.4556186401886637
2263,1.0
2264,3.5012330188874254
2265,3.4003221317065733
2266,6.246514434000079
2267,7.0
2268,8.214786697260058
2269,5.685457521598916
2270,3.4707960415233603
2271,8.69804370355567
2272,5.0
2273,3.5086247978801794
2274,8.40432063225026
2275,4.0
2276,4.0
2277,4.0
2278,1.0
2279,8.0
2280,9.0
2281,2.0
2282,7.0
2283,5.760625850007855
2284,2.640907166270148
2285,3.6315789235095215
2286,1.6622227640437224
2287,8.0
2288,3.665130297566482
2289,6.0
2290,6.726663908403045
2291,1.2274573973386123
2292,2.0
2293,9.243760958020731
2294,8.479940557720399
2295,8.578603699860906
2296,1.6689602337599907
2297,8.0
2298,7.203239921000984
2299,7.27467400468512
2300,7.2952266778260055
2301,8.376389041778898
2302,3.3602621007540154
2303,8.431011432168026
2304,8.0
2305,7.0
2306,1.7568370726788156
2307,5.0
2308,1.0
2309,7.221485291308665
2310,8.548281234639088
2311,7.0
2312,8.0
2313,6.0
2314,9.0
2315,4.504760597450382
2316,7.340640243588275
2317,9.0
2318,7.330469455706975
2319,3.0
2320,2.420828300255401
2321,8.0
2322,8.287060901352046
2323,5.516349572984514
2324,2.0
2325,8.0
2326,7.69382855432815
2327,6.55103914082319
2328,7.0
2329,4.0
2330,9.0
2331,8.401811065334545
2332,7.0
2333,6.417030558766272
2334,2.6610141480106484
2335,1.0
2336,4.626383531716423
2337,7.568547622429074
2338,3.0
2339,6.240601142396056
2340,2.313085626529956
2341,2.0
2342,1.0
2343,4.201500519389745
2344,4.0
2345,1.4989321268115916
2346,7.771890185749249
2347,4.0
2348,8.216753820050247
2349,7.6826511830610755
2350,2.3687299701468767
2351,9.398641638043676
2352,7.378705337438492
2353,7.751478313791945
2354,2.0
2355,9.0
2356,4.502420118665027
2357,4.0
2358,8.567959659932853
2359,7.0
2360,8.657980458792695
2361,9.458257382830691
2362,8.0
2363,6.659890836778961
2364,8.0
2365,9.0
2366,8.402467741447674
2367,10.0
2368,6.771978045788747
2369,8.302245130918068
2370,7.791963344816018
2371,2.0
2372,8.728326868596051
2373,5.65391485854704
2374,6.342701820092942
2375,4.347837125062666
2376,9.0
2377,8.246266091700447
2378,8.0
2379,7.781858200608956
2380,5.5256578396900675
2381,8.0
2382,2.5006348783154655
2383,7.0
2384,4.721570725821114
2385,2.7106129395864866
2386,8.618101879864676
2387,8.21100412386837
2388,7.618918063677773
2389,7.297276735072128
2390,8.0
2391,2.0
2392,2.0
2393,9.0
2394,8.0
2395,4.216703761474499
2396,8.0
2397,4.458683955301468
2398,6.0
2399,8.668372059101664
2400,6.0
2401,7.784698963727286
2402,5.0
2403,8.49366076858312
2404,1.68491546285901
2405,7.283069553578281
2406,6.765582383054681
2407,7.661096174033876
2408,1.0
2409,8.771777356485076
2410,4.5728806729057245
2411,4.0
2412,6.465586893864473
2413,9.0
2414,7.0
2415,9.0
2416,8.0
2417,8.0
2418,3.0
2419,9.0
2420,9.0
2421,10.0
2422,4.737095888382534
2423,1.0
2424,8.0
2425,9.0
2426,2.0
2427,1.5991439418656739
2428,6.21044546048889
2429,5.0
2430,9.0
2431,2.0
2432,9.341888371006426
2433,5.206429856325631
2434,8.434132754097824
2435,4.570466144605908
2436,2.6357163419450633
2437,4.309413773695583
2438,7.4033921361316555
2439,8.46539610141248
2440,4.0
2441,7.47433894152574
2442,2.6170614779915833
2443,4.0
2444,2.3782940399795467
2445,8.0
2446,5.212999359841673
2447,1.5387513518840068
2448,2.7849037969081953
2449,1.2080458592511671
2450,1.2218034075758502
2451,6.311079765569046
2452,3.0
2453,4.238491469268913
2454,2.0
2455,5.76858915012651
2456,8.340327104672813
2457,6.607585334777614
2458,1.0
2459,7.2259893073893355
2460,7.785847660307963
2461,5.265517927749178
2462,7.575822794979271
2463,3.0
2464,7.282851512194495
2465,8.0
2466,2.789729518719927
2467,8.0
2468,8.28954036654205
2469,3.0
2470,8.563173752644406
2471,1.0
2472,5.503734272436539
2473,5.7106017207712165
2474,9.0
2475,9.0
2476,7.611363673296268
2477,2.7919822806774763
2478,3.6350816565641138
2479,2.547854356123076
2480,5.0
2481,3.0
2482,10.0
2483,3.3984142435196234
2484,4.570548606892314
2485,8.31411713541972
2486,2.276133054591318
2487,8.657643831033655
2488,4.410114138320855
2489,8.0
2490,6.707642623855446
2491,9.362118883649181
2492,5.0
2493,9.0
2494,6.639401476743134
2495,3.0
2496,1.7598604197153043
2497,4.0
2498,3.0
2499,8.0
2500,3.0
2501,4.621359726597654
2502,7.0
2503,4.0
2504,6.749466506304884
2505,7.0
2506,9.539560844204502
2507,8.454708176690373
2508,1.2776793142026752
2509,9.0
2510,4.523616347831155
2511,8.704275082818707
2512,10.0
2513,4.676143357472275
2514,8.225999279579474
2515,8.226321031533345
2516,4.623071072544425
2517,8.223410787563035
2518,9.0
2519,1.260777398806754
2520,10.0
2521,5.672495952566574
2522,7.0
2523,7.73049758898389
2524,1.3473252406631238
2525,6.315047437220467
2526,3.5952689093508625
2527,6.667891039481015
2528,8.415723126391324
2529,6.350738057291679
2530,9.0
2531,2.0
2532,7.0
2533,3.2117257447355088
2534,7.0
2535,3.0
2536,2.4863939374164263
2537,7.0
2538,7.494417204433699
2539,2.0
2540,7.732989713875064
2541,8.551480276143517
2542,2.0
2543,2.553649879168304
2544,4.356597800933992
2545,8.740341630236282
2546,3.7691012844987415
2547,8.287776362421027
2548,2.0
2549,8.451008817208576
2550,9.0
2551,9.209185624299156
2552,5.344043667108598
2553,8.0
2554,7.474654355390812
2555,2.544682927759937
2556,3.0
2557,4.321912820915924
2558,9.0
2559,10.0
2560,7.0
2561,4.293691848886804
2562,1.0
2563,7.765863125220815
2564,8.25564407166273
2565,8.416157485082744
2566,3.0
2567,1.0
2568,2.0
2569,6.600894975349792
2570,7.461841378937054
2571,3.0
2572,8.737947554012644
2573,3.6373973283227476
2574,3.4000692733907445
2575,3.284219000163679
2576,9.515425564046406
2577,6.0
2578,8.0
2579,4.513163848178322
2580,10.0
2581,2.6500176821956547
2582,8.0
2583,7.0
2584,7.277373162056551
2585,1.0
2586,7.411225761186022
2587,7.465647451959089
2588,6.4374037149301335
2589,2.0
2590,9.761633902828017
2591,6.0
2592,7.689858134086926
2593,8.700299499853061
2594,9.0
2595,6.4147847229824775
2596,8.446830208430494
2597,9.0
2598,5.376317199622093
2599,8.658445776988781
2600,2.0
2601,9.383452166766656
2602,8.675499993672748
2603,5.330705057144467
2604,8.226618724415776
2605,2.527402399288671
2606,2.542600607423658
2607,7.4792062693944095
2608,3.0
2609,2.56708919400534
2610,4.0
2611,8.32741173571049
2612,1.330907584396327
2613,5.448835601143869
2614,9.0
2615,9.0
2616,6.285059356326831
2617,7.489019268382874
2618,1.686640604304524
2619,7.226840419372631
2620,7.344363121596828
2621,8.0
2622,7.719894968467031
2623,8.332081338112904
2624,9.0
2625,4.6251912945292935
2626,7.772192994591224
2627,6.6458701814564245
2628,5.65118921923682
2629,7.0
2630,4.0
2631,7.273402095241833
2632,7.7948802153283
2633,3.2729859152098792
2634,7.642068275541111
2635,2.0
2636,8.727379440138028
2637,3.2358404351434125
2638,1.474909226740625
2639,1.677109307130056
2640,7.781768764092766
2641,8.0
2642,2.0
2643,2.3446861922752094
2644,1.7277743567324622
2645,4.371968805671349
2646,8.0
2647,1.7461848332323062
2648,6.5219145157270315
2649,6.3885389688796925
2650,8.0
2651,6.640116995687107
2652,9.0
2653,3.5687966526372032
2654,3.5600602720448142
2655,9.0
2656,1.241265034648658
2657,8.601466915425538
2658,5.691088333297463
2659,3.676081252626078
2660,3.0
2661,4.531653449285554
2662,3.0
2663,7.0
2664,6.450066485706692
2665,3.0
2666,8.0
2667,3.3884265834391085
2668,7.348777885389294
2669,9.34536791712487
2670,7.27513701438534
2671,8.463208102943033
2672,3.4210676156027335
2673,7.745831683004827
2674,4.5150847549284565
2675,3.0
2676,8.0
2677,7.556106676106145
2678,9.0
2679,4.701184932149795
2680,4.0
2681,1.790792086930258
2682,9.0
2683,2.4024552183565033
2684,6.319698409151294
2685,8.0
2686,9.0
2687,9.0
2688,7.0
2689,9.0
2690,3.7762205310554853
2691,8.550882044369446
2692,7.5659353965014216
2693,8.641914620184819
2694,8.43487941872469
2695,9.555774430680799
2696,8.0
2697,8.0
2698,6.290152385733641
2699,5.0
2700,3.485824493355659
2701,8.0
2702,3.566993690779749
2703,8.404687386179088
2704,7.0
2705,8.0
2706,7.0
2707,7.2338905125229465
2708,8.247348263322213
2709,9.686187789420448
2710,3.3593796721527878
2711,8.0
2712,2.0
2713,3.0
2714,8.0
2715,3.2937477332936784
2716,3.648944355111637
2717,8.0
2718,7.0
2719,8.567514294723042
2720,7.0
2721,1.0
2722,2.0
2723,9.701907401460316
2724,2.0
2725,2.616060362187081
2726,9.0
2727,4.0
2728,3.3719620478125596
2729,5.772510714497182
2730,7.243284491010111
2731,5.0
2732,3.0
2733,8.0
2734,3.542597418332608
2735,8.0
2736,6.0
2737,6.219087604577981
2738,7.709363443016013
2739,9.0
2740,7.0
2741,7.0
2742,7.683335253094651
2743,8.586372376927033
2744,9.0
2745,3.4706163277656845
2746,8.568492730975096
2747,8.0
2748,1.3110197588821675
2749,7.609779094632652
2750,8.20474499965182
2751,8.0
2752,6.206771438424826
2753,6.6120970987406205
2754,4.0
2755,8.449561791159319
2756,4.317168019387923
2757,2.0
2758,1.6425061293871759
2759,8.342460860958049
2760,7.0
2761,7.345906302525509
2762,8.575403162289147
2763,6.719901859624996
2764,8.559896947224406
2765,9.0
2766,5.595828232790384
2767,9.0
2768,9.0
2769,8.734538173428305
2770,8.484164514885652
2771,10.0
2772,2.30418175903054
2773,8.0
2774,8.545815265142856
2775,9.0
2776,3.2018736802169574
2777,5.4458617510484215
2778,9.0
2779,7.651810076732812
2780,7.4934365394581715
2781,3.0
2782,4.0
2783,2.475585745086022
2784,9.0
2785,8.0
2786,7.622600817621912
2787,8.55806339575841
2788,1.0
2789,7.28703418279064
2790,9.0
2791,7.7391244372912
2792,7.693758973354663
2793,9.500607423798476
2794,9.0
2795,6.633870786493786
2796,3.0
2797,7.676549950933051
2798,4.4127564091858
2799,8.584425737146375
2800,4.0
2801,2.6255659089798997
2802,4.0
2803,8.0
2804,8.60737962525513
2805,9.0
2806,3.5943391486084297
2807,3.0
2808,7.638816875400763
2809,7.51692314611846
2810,1.4971968047875397
2811,8.231224414624235
2812,7.0
2813,2.0
2814,4.0
2815,9.0
2816,8.553107736408649
2817,7.552314612077157
2818,1.6873628838046342
2819,10.0
2820,8.395394804470753
2821,9.654587752444112
2822,7.0
2823,7.385228183498037
2824,3.0
2825,7.609085133609223
2826,8.66236245591704
2827,3.0
2828,7.6560997359329415
2829,8.21784335757331
2830,7.555770333571864
2831,7.610078279394981
2832,7.434404121827718
2833,2.771686801341395
2834,8.230350190759834
2835,5.0
2836,4.558198969693111
2837,8.684815300130895
2838,10.0
2839,2.0
2840,3.0
2841,2.6044488447641574
2842,3.0
2843,9.0
2844,2.0
2845,8.0
2846,9.0
2847,6.368940140024421
2848,8.331433333729095
2849,8.0
2850,5.663662728849018
2851,8.0
2852,8.0
2853,3.310805538537741
2854,3.5973472556832924
2855,2.5949020710858632
2856,7.2440277408297264
2857,4.0
2858,9.0
2859,4.0
2860,8.661361837305062
2861,7.341854273691116
2862,7.0
2863,9.0
2864,1.0
2865,9.625157623197486
2866,1.0
2867,4.36589748083955
2868,2.0
2869,8.0
2870,8.567950834442161
2871,7.5074723143292434
2872,8.548456437640452
2873,8.410266141684746
2874,7.0
2875,7.0
2876,2.5343471626285443
2877,1.2295520446829562
2878,6.0
2879,6.0
2880,8.335660504395461
2881,7.0
2882,9.274082571748265
2883,2.479025648725449
2884,8.0
2885,8.705898462351836
2886,8.581853359141359
2887,8.481649704689739
2888,5.235019980547529
2889,9.543451113584517
2890,5.0
2891,8.61655398321686
2892,3.3429254585933825
2893,2.789135294151888
2894,6.662680028468512
2895,5.276605577450684
2896,8.0
2897,6.502362843446035
2898,1.7172829167571095
2899,1.3571271969333496
2900,3.6113996478339345
2901,7.0
2902,8.0
2903,9.0
2904,7.506833628180176
2905,8.76161116697732
2906,8.0
2907,7.0
2908,8.712782161824787
2909,9.279403174361372
2910,3.5339978326804746
2911,4.5640935110305225
2912,7.432643403326473
2913,1.0
2914,6.0
2915,8.25256882432079
2916,8.73673617777715
2917,8.514665213724012
2918,2.448402901892148
2919,5.0
2920,7.3056311492743475
2921,2.427880863403291
2922,4.653467448123778
2923,2.6679438680183174
2924,9.0
2925,7.0
2926,8.0
2927,5.613394474031011
2928,8.606490374076444
2929,8.505383936118028
2930,3.0
2931,7.730305986218208
2932,1.5971134456872906
2933,3.6324807739630667
2934,3.507102964515082
2935,9.0
2936,6.408358518741831
2937,6.587834630263898
2938,7.286104926200039
2939,7.537290357533295
2940,8.0
2941,6.0
2942,3.0
2943,5.797351764182538
2944,7.215881411807835
2945,7.342022074364981
2946,1.0
2947,1.0
2948,9.233291094713211
2949,7.0
2950,9.0
2951,3.0
2952,2.2550627933042757
2953,7.700654575882471
2954,1.6415926919727017
2955,3.0
2956,9.0
2957,8.0
2958,7.0
2959,1.4210425648778866
2960,8.230274617083966
2961,4.59395295158698
2962,4.759602184260997
2963,1.4327744859134293
2964,9.0
2965,7.222987061938837
2966,1.4077124366215843
2967,8.614570037632557
2968,4.70431425002726
2969,3.0
2970,7.350897808718652
2971,6.624650560434748
2972,8.529577059243678
2973,6.0
2974,1.0
2975,7.0
2976,7.310212344934565
2977,4.381319600733989
2978,3.0
2979,10.0
2980,7.636892096782543
2981,2.303386288646141
2982,9.495019426014856
2983,1.0
2984,5.0
2985,3.4485420984539483
2986,2.206600534622028
2987,6.560228013482133
2988,7.499980577892919
2989,3.589098813822547
2990,8.0
2991,5.431669031690384
2992,3.0
2993,4.0
2994,9.0
2995,8.468916695605003
2996,2.0
2997,8.0
2998,8.0
2999,7.323574824358016
3000,8.337069897218804
3001,7.0
3002,7.361281126423778
3003,1.4709482584690654
3004,4.481083770308903
3005,4.0
3006,7.0
3007,6.504717791388166
3008,2.0
3009,3.0
3010,7.388200030872009
3011,4.0
3012,8.621698034897745
3013,6.0
3014,8.565145608347686
3015,1.0
3016,2.0
3017,5.0
3018,1.4009388385362982
3019,9.0
3020,8.218123524807076
3021,4.204556994085001
3022,6.495466758254253
3023,5.613293214289763
3024,7.0
3025,6.0
3026,7.315538406521147
3027,7.704068466887383
3028,9.724376581914491
3029,8.402616134387905
3030,6.428614284093297
3031,3.6255134252887076
3032,2.236516930152954
3033,7.0
3034,8.0
3035,5.0
3036,2.6822582204334693
3037,5.7634777753542945
3038,8.700358967244194
3039,2.2624952168441217
3040,8.566835531429563
3041,6.758248509585258
3042,3.0
3043,8.0
3044,8.420384683236081
3045,8.529350022158022
3046,8.556472676184633
3047,4.652744826872031
3048,1.7009267892587383
3049,2.768939968022961
3050,2.0
3051,8.421500361567217
3052,2.492235392330566
3053,1.746939430475015
3054,4.0
3055,8.0
3056,7.0
3057,2.0
3058,6.0
3059,9.0
3060,2.5622218628908664
3061,6.76631515379867
3062,7.494246161965705
3063,2.0
3064,9.0
3065,5.6175264650967565
3066,8.0
3067,5.0
3068,4.350120619018731
3069,1.7646048369525194
3070,1.5953398722025613
3071,2.4284005885012343
3072,9.0
3073,6.5543216976025525
3074,8.229982050537917
3075,8.538204488152996
3076,9.0
3077,3.7494364817524675
3078,6.330013558650089
3079,6.0
3080,8.21967356973369
3081,2.6569472267647085
3082,2.0
3083,4.7290015804225805
3084,3.201189431636854
3085,1.0
3086,6.756473728137724
3087,2.0
3088,1.2459424575197535
3089,9.457201370380783
3090,9.0
3091,6.536576130074694
3092,8.442925536016288
3093,8.596072117352357
3094,3.3632974177461725
3095,3.0
3096,8.0
3097,9.0
3098,7.2858206947566195
3099,2.7842937058803496
3100,2.612255874148097
3101,3.757569420417099
3102,8.398594062449657
3103,7.212573154006635
3104,6.488872119029008
3105,6.2520366289522284
3106,9.357595536928388
3107,8.0
3108,9.0
3109,7.0
3110,9.0
3111,2.2816451973445835
3112,6.295365838310264
3113,7.0
3114,1.4035872846038164
3115,8.745198020090877
3116,8.506518288865605
3117,8.273069058117768
3118,8.542736709910523
3119,5.0
3120,3.4643092503589545
3121,8.664870080853408
3122,5.7231505625783
3123,2.0
3124,8.0
3125,7.477006042143777
3126,8.0
3127,9.679570064758382
3128,8.206772678179899
3129,8.0
3130,3.4563405781297227
3131,1.0
3132,3.6437657143026185
3133,9.0
3134,7.471598261527406
3135,6.6450047837903945
3136,4.0
3137,2.376037570846395
3138,3.638559656058521
3139,3.552419793963447
3140,8.418905375984577
3141,2.511692392834843
3142,7.584921188899451
3143,7.0
3144,7.789229682714303
3145,7.621650485430036
3146,6.54279008970331
3147,6.67622813082729
3148,1.0
3149,9.0
3150,2.6656194686872627
3151,2.413743517049807
3152,6.7526140831914825
3153,1.5176715298918428
3154,1.4541277509847892
3155,1.0
3156,9.0
3157,7.0
3158,7.0
3159,8.200727425153966
3160,3.5428941267538194
3161,1.7469522123745274
3162,2.38184002749724
3163,2.4986551645885684
3164,8.22519704260908
3165,6.321205389274455
3166,8.0
3167,7.0
3168,8.789699099044475
3169,2.495006257781605
3170,8.561349089740654
3171,8.0
3172,8.60995334724008
3173,6.710589040534196
3174,3.0
3175,9.0
3176,9.478115621926017
3177,2.0
3178,7.270080962285413
3179,3.2741460862463514
3180,3.0
3181,7.0
3182,6.648014563776447
3183,5.570673335040805
3184,1.4686503266792006
3185,2.541160486596755
3186,2.0
3187,7.0
3188,3.0
3189,9.272638088423179
3190,9.0
3191,7.0
3192,5.620436366609389
3193,2.256566819293409
3194,6.0
3195,3.7915401095886
3196,3.0
3197,7.0
3198,4.518663288798448
3199,9.610881474346291
3200,8.0
3201,7.0
3202,6.0
3203,3.0
3204,9.0
3205,5.0
3206,7.63691185309307
3207,2.581880114730377
3208,2.0
3209,8.57123205598727
3210,8.0
3211,4.0
3212,9.0
3213,9.0
3214,7.0
3215,9.0
3216,5.231638915580793
3217,8.286195357960436
3218,1.631362617452065
3219,7.302796075848117
3220,2.0
3221,8.54872523021743
3222,9.0
3223,5.209270554743788
3224,9.0
3225,2.5838221813978475
3226,9.297699164305453
3227,7.0
3228,9.0
3229,1.0
3230,2.0
3231,8.463422590009687
3232,2.5203430071900095
3233,3.6273747819853455
3234,1.2724123188061227
3235,7.283669069160783
3236,1.6192320282912507
3237,2.0
3238,5.0
3239,8.365823534405576
3240,3.0
3241,6.0
3242,9.320881702535708
3243,8.0
3244,6.0
3245,2.0
3246,2.0
3247,9.283492021775144
3248,9.521475186286121
3249,1.0
3250,2.0
3251,9.216994719703557
3252,7.71860785721338
3253,10.0
3254,7.0
3255,2.4762737223713227
3256,5.0
3257,4.0
3258,7.660014739287555
3259,8.58904793434376
3260,7.54733740653068
3261,6.735046776883858
3262,9.0
3263,7.6615249564082335
3264,2.2281477270912853
3265,1.7893482733264614
3266,4.425816830402528
3267,8.79254300430703
3268,5.536330302712447
3269,9.39921032263262
3270,6.0
3271,7.0
3272,3.505450966295263
3273,9.0
3274,3.0
3275,9.0
3276,2.0
3277,1.4801541673269634
3278,7.718422935135743
3279,8.749651815146832
3280,8.0
3281,9.0
3282,4.620067232836264
3283,4.0
3284,3.336285480634198
3285,8.0
3286,8.648638041925217
3287,3.6930389299526003
3288,8.605302440573778
3289,2.691554666253492
3290,9.0
3291,2.3883816372052373
3292,4.527466554402642
3293,4.648364527559285
3294,7.387549608132158
3295,8.0
3296,9.0
3297,7.0
3298,8.0
3299,7.734685742048186
3300,7.552509552529348
3301,8.402803787413475
3302,4.788615559970313
3303,7.3624288998165675
3304,4.306563184810182
3305,8.611084266026282
3306,7.776871689786542
3307,2.0
3308,1.0
3309,6.6825612446119855
3310,3.7495922379364734
3311,3.0
3312,8.46125463255621
3313,2.5646653611620516
3314,3.6639201172929132
3315,2.7089557801789925
3316,7.0
3317,1.5675260525755113
3318,8.536996666799057
3319,4.6728900166415395
3320,9.0
3321,6.4760213055685325
3322,4.0
3323,8.0
3324,3.0
3325,2.4428427992549215
3326,6.223733529498188
3327,8.0
3328,6.499697303363306
3329,5.0
3330,2.559992310875401
3331,7.662834863921426
3332,1.6885816529507909
3333,8.0
3334,8.559338274274547
3335,3.372744566864716
3336,1.0
3337,2.210367897478223
3338,2.0
3339,9.0
3340,3.37376801345038
3341,7.27671373275917
3342,9.286360713444115
3343,8.606414423130325
3344,8.0
3345,1.4349622047617456
3346,6.501610537660049
3347,6.674265308885902
3348,9.0
3349,7.496467575809
3350,1.3352716319192746
3351,4.0
3352,2.695418505898068
3353,4.0
3354,7.585701171857342
3355,8.0
3356,1.4822658936683972
3357,7.743025153844961
3358,6.0
3359,3.4570313795281558
3360,8.635975162899651
3361,2.0
3362,1.372655327911176
3363,8.546091886736903
3364,2.442336380820574
3365,8.0
3366,1.0
3367,3.3975365958456067
3368,7.249322263257868
3369,8.308438749479448
3370,7.5350555485214
3371,5.651815091337394
3372,3.583278177652814
3373,7.6635179681369365
3374,7.392243768318712
3375,1.6291886320370448
3376,5.304054466921946
3377,6.341559389716861
3378,8.586943359901198
3379,3.0
3380,8.757416836168389
3381,2.4331553160376935
3382,8.0
3383,6.780171877874534
3384,1.6092758126020201
3385,3.2167131729216796
3386,7.778842025141432
3387,9.0
3388,7.475650419078693
3389,2.0
3390,6.72829057745292
3391,7.630898442776952
3392,8.0
3393,8.0
3394,1.0
3395,8.694226876819338
3396,8.0
3397,5.618443028458073
3398,9.460894834872096
3399,3.0
3400,2.0
3401,6.232088215275411
3402,8.0
3403,9.0
3404,4.0
3405,7.284554514633584
3406,7.419305585522442
3407,7.481334936537402
3408,7.202944221733253
3409,9.652752091298423
3410,7.351721743012256
3411,6.213838255487175
3412,8.705145101597447
3413,9.739718537573808
3414,8.304540950922284
3415,8.27347008212106
3416,9.0
3417,6.0
3418,7.58960440259594
3419,8.0
3420,2.410175352756705
3421,1.0
3422,7.0
3423,6.7127817594896815
3424,4.689456551113015
3425,1.0
3426,1.2842305904140123
3427,2.460705411572399
3428,8.0
3429,2.35647624922695
3430,7.0
3431,8.0
3432,9.0
3433,5.620655803993172
3434,5.0
3435,2.7813968627441095
3436,8.505160849229554
3437,7.0
3438,8.798601589831009
3439,6.7214350500668125
3440,7.0
3441,8.0
3442,2.0
3443,2.0
3444,1.0
3445,9.25261101431445
3446,3.374135153507627
3447,3.0
3448,8.633399463489663
3449,8.63030272908267
3450,4.0
3451,8.431854733634713
3452,9.773444750560504
3453,3.0
3454,8.776184281229263
3455,4.724913895299073
3456,2.760635366212537
3457,3.5659675120967838
3458,8.200852679537483
3459,9.0
3460,8.0
3461,7.5851429709142195
3462,8.623550105823666
3463,3.2431630913435714
3464,2.796524127415297
3465,7.788770603906073
3466,8.763607809133687
3467,3.0
3468,6.0
3469,8.513239037085032
3470,6.0
3471,7.299784624648821
3472,4.674724518493921
3473,7.600148789339644
3474,7.407644478377598
3475,1.3007771361902678
3476,8.0
3477,2.5287620108330247
3478,8.540725937091063
3479,4.0
3480,8.261725974078896
3481,3.0
3482,9.0
3483,7.463858262458828
3484,3.2960047370875025
3485,7.694692814558427
3486,2.4902959850134465
3487,8.437255926835444
3488,8.525067506736175
3489,5.705969738567414
3490,2.0
3491,4.0
3492,2.394201443772264
3493,1.428837931459947
3494,1.0
3495,9.0
3496,7.502254004499283
3497,9.0
3498,9.492357352034233
3499,1.2751627745626086
3500,8.235691801056742
3501,1.6477917982871755
3502,3.535592497918025
3503,9.234808504484448
3504,6.0
3505,3.70158198038264
3506,9.0
3507,8.0
3508,4.320412996006861
3509,5.0
3510,8.677013361372703
3511,9.0
3512,4.0
3513,8.0
3514,5.582544407734768
3515,7.0
3516,7.381607985688433
3517,9.0
3518,3.0
3519,7.470266859741101
3520,8.560579548260447
3521,8.39246018640002
3522,3.0
3523,9.0
3524,8.516010762103493
3525,2.2977874607199595
3526,9.0
3527,2.0
3528,8.0
3529,9.298659689673775
3530,8.305298532682945
3531,4.556800658660939
3532,1.0
3533,3.3539258066239013
3534,9.212912161699435
3535,9.0
3536,3.3137921326883846
3537,8.615724374560395
3538,5.0
3539,7.744449415923014
3540,1.5569842135021787
3541,6.629823399593862
3542,8.57031124527394
3543,7.796055849859925
3544,8.0
3545,8.277300707376279
3546,1.0
3547,2.5643772407667353
3548,7.494273024454216
3549,8.387243823353085
3550,5.0
3551,2.529341082449865
3552,2.601370274733019
3553,9.0
3554,2.500020486364115
3555,3.6035721725825383
3556,6.49804793681928
3557,7.0
3558,5.359925680245658
3559,2.3145254247099643
3560,6.56190533773023
3561,8.64871674975787
3562,1.6292744640766703
3563,3.353103271022135
3564,8.63062446414948
3565,3.0
3566,8.0
3567,5.0
3568,6.0
3569,1.0
3570,1.7742132680562095
3571,4.26235547510722
3572,1.6579463238858343
3573,7.46249105564339
3574,8.680086341663566
3575,8.31742431294426
3576,2.5833060528758485
3577,9.0
3578,2.734437346278173
3579,7.6508978287061495
3580,1.0
3581,1.2985121961541983
3582,6.7386051676772665
3583,7.362748760145053
3584,4.0
3585,4.0
3586,8.439234489430694
3587,3.0
3588,8.210143442537635
3589,7.5616793746761
3590,8.42750503389288
3591,3.0
3592,4.701812763360338
3593,4.0
3594,5.0
3595,8.0
3596,8.272874603726569
3597,2.0
3598,3.7942322087311697
3599,6.2582138399550065
3600,2.4337350657557653
3601,8.0
3602,7.0
3603,2.0
3604,8.685338992821695
3605,2.419593341286387
3606,9.0
3607,4.559712766971754
3608,8.0
3609,8.48872031150492
3610,2.236888629219068
3611,9.0
3612,7.6575445174413215
3613,2.5305098809239697
3614,2.0
3615,2.0
3616,6.6934640742353135
3617,2.7288685315949994
3618,6.492925730835852
3619,7.0
3620,8.37630967355221
3621,9.0
3622,5.0
3623,4.0
3624,3.0
3625,6.237420099113222
3626,6.618653362629701
3627,9.0
3628,9.0
3629,8.521576825974048
3630,5.0
3631,9.7725078995035
3632,3.0
3633,6.0
3634,7.0
3635,9.0
3636,8.0
3637,4.0
3638,4.0
